Domain,Have_IP,Have_@,URL_Length,URL_Depth,Redirection,https_Domain,Prefix/Suffix,Domain_Age,Domain_End,Web_Traffic,iFrame,Status_Bar,Right_Click,Web_Forwards,Label
usps.trckpkg.top,0,0,0,1,0,0,0,0,0,1,1,1,1,1,1
link.remindery.cc,0,0,0,1,0,0,0,0,0,1,1,1,1,1,1
cloudflare-ipfs.com,0,0,1,3,0,0,1,0,0,1,1,1,1,1,1
bafkreiezeywvkuzmgn4iyhms72rfv6gsbcn57wrxuj6btv5ucd3o7stoui.ipfs.cf-ipfs.com,0,0,1,0,0,0,1,0,0,1,1,1,1,1,1
bafybeic6xofhgzln7ecrselsi6ugpzqnyepatheuxiil362sgca4o5f6ei.ipfs.cf-ipfs.com,0,0,1,1,0,0,1,0,0,1,1,1,1,1,1
sbb-ffs-chh.blogspot.ch,0,0,0,1,0,0,1,1,1,1,1,1,1,1,1
cf-ipfs.com,0,0,1,2,0,0,1,0,0,1,1,1,1,1,1
newwebiste-orange0.wixsite.com,0,0,1,1,0,0,1,1,1,1,1,1,1,1,1
t.ly,0,0,0,1,0,0,0,0,0,1,1,1,1,1,1
bafybeie3nd6i2zlwgn4xxq4podslinxeorxjzxcheyo3rnxdfcob2e65o4.ipfs.cf-ipfs.com,0,0,1,1,0,0,1,0,0,1,1,1,1,1,1
ipfs.eth.aragon.network,0,0,1,2,0,0,0,1,1,1,0,0,1,0,1
docs.google.com,0,0,1,5,0,0,0,0,1,1,0,0,1,0,1
srv203026.hoster-test.ru,0,0,0,2,0,0,1,0,0,1,1,1,1,1,1
karnatakabazar.com,0,0,0,1,0,0,0,0,1,1,1,1,1,1,1
bt689.com,0,0,0,2,0,0,0,0,1,1,1,1,1,1,1
byronzepeda.com,0,0,0,1,0,0,0,0,1,1,1,1,1,1,1
sp387105.sitebeat.crazydomains.com,0,0,0,1,0,0,0,0,1,1,1,1,1,1,1
ggg55.simplestate.repl.co,0,0,0,1,0,0,0,1,1,1,1,1,1,1,1
go.uniwue.de,0,0,0,1,0,0,0,1,1,1,1,1,1,1,1
eljoti.com,0,0,0,1,0,0,0,0,1,1,1,1,1,1,1
telefonicabrasil.actualizar-app.com,0,0,0,1,0,0,1,0,1,1,1,1,1,1,1
willingcartworthsupplies.com,0,0,1,2,0,0,0,0,0,0,1,0,1,0,1
ugaflix.com,0,0,0,4,0,0,1,0,0,0,1,0,1,0,1
beetleart.com.tr,0,0,0,2,0,0,1,0,0,1,1,0,1,0,1
flavena.co.rs,0,0,0,1,0,0,0,0,0,0,1,0,1,0,1
bly-socks.com.ua,0,0,1,6,0,0,0,0,0,1,1,0,1,0,1
chad-moore.com,0,0,0,1,0,0,0,0,0,0,1,0,1,0,1
inversionesgini.com,0,0,1,3,0,0,0,0,0,0,1,0,1,0,1
samducksports.com,0,0,1,4,0,0,0,0,0,0,0,0,1,0,1
edhs85.com,0,0,0,2,0,0,0,0,0,0,1,0,1,0,1
utffunds.com,0,0,0,3,0,0,0,0,0,1,1,0,1,0,1
group.agriparts.kz,0,1,1,2,0,0,0,0,0,1,1,0,1,0,1
momos-ambachtelijkeijs.nl,0,0,1,4,0,0,0,0,0,0,1,0,1,0,1
steamcoummunity.gq,0,0,0,3,0,0,0,0,0,0,1,0,1,0,1
suspended-profiles.blogspot.com,0,0,0,0,0,0,1,0,0,0,1,0,1,0,1
testing-adjusting-balancing.com,0,0,1,2,0,0,0,0,0,0,1,0,1,0,1
mncelektronik.com,0,0,1,7,0,0,0,0,0,0,0,0,1,0,1
tptelecom.it,0,0,1,6,0,0,0,0,1,0,1,0,1,0,1
houseoftiresbcs.com,0,0,0,4,0,0,0,0,0,0,0,0,1,0,1
funetwork.tv,0,0,0,3,0,0,0,0,0,0,1,0,1,0,1
paypal.ping0n.vip,0,0,0,0,0,0,0,0,0,0,1,0,1,0,1
b.link,0,0,0,1,0,0,0,0,0,0,1,0,1,1,1
livestudentccc-my.sharepoint.com,0,0,1,5,0,0,1,0,0,0,1,0,1,0,1
tsdesignstudio.net,0,0,1,4,0,0,0,0,1,0,0,1,1,1,1
balitransithotel.com,0,0,1,7,0,0,0,0,0,0,1,0,1,0,1
ebay.de.phodo.vn,0,0,1,0,0,0,0,1,0,1,1,0,1,0,1
maersklinesllc.dx.am,0,0,0,1,0,0,0,0,0,0,1,0,1,0,1
weddenoptennis.be,0,0,1,3,0,0,0,0,0,0,1,0,1,0,1
hideuri.com,0,0,0,1,0,0,0,0,0,0,1,0,1,0,1
donslan.com,0,0,1,6,0,0,0,0,0,0,1,0,1,0,1
posb-ibanking-demo.herokuapp.com,0,0,0,0,0,0,0,0,0,0,1,0,1,0,1
stanshoes.com.ng,0,0,1,2,0,0,0,0,1,1,0,1,1,1,1
webfiddle.net,0,0,1,4,0,0,0,0,0,0,1,0,1,0,1
fluteguards.nn.r.appspot.com,0,0,0,1,0,0,1,0,0,0,1,0,1,0,1
lowcy-nagrod.pl,0,0,0,0,0,0,0,0,0,0,0,0,1,0,1
jaggaauto.com,0,0,0,1,0,0,0,1,0,1,1,0,1,0,1
3jba.com,0,0,1,8,0,0,0,0,0,0,1,0,1,0,1
celsahiinc.000webhostapp.com,0,0,0,2,0,0,0,0,0,0,1,0,1,0,1
recovery-support.u718573rwk.ha004.t.justns.ru,0,0,1,1,0,0,0,0,0,0,1,0,1,0,1
akilili.com,0,0,1,4,0,0,0,0,0,1,1,0,1,0,1
e-grupobancolombia.com.co,0,0,1,2,0,0,0,0,1,0,0,1,1,1,1
bcpzonasegurabeta.viabcp.com.entrepreneur.pe,0,0,1,1,0,0,0,0,0,0,1,0,1,0,1
csgoxskin.com,0,0,1,2,1,0,0,0,0,0,0,0,1,0,1
bnkrealestate.com,0,0,1,4,0,0,0,0,0,0,1,0,1,0,1
fareast.qa,0,0,1,3,0,0,0,1,1,1,1,0,1,0,1
dataforce.co.uk,0,1,1,5,0,0,0,0,0,0,1,0,1,0,1
53.com-id9533371.thoughtoholics.net,0,0,1,2,0,0,0,0,0,0,1,0,1,0,1
sixpointpartners-my.sharepoint.com,0,0,1,5,0,0,1,0,0,0,1,0,1,0,1
profinishmi.com,0,1,1,4,0,0,0,0,0,0,1,0,1,0,1
groupabamcolombiaweb.com,0,0,0,0,0,0,0,0,0,0,1,0,1,0,1
solutionschiro.net,0,0,1,4,0,0,0,0,0,1,1,0,1,0,1
fareast.qa,0,0,1,3,0,0,0,0,1,0,0,0,1,0,1
vcita.com,0,0,1,5,0,0,0,0,0,1,1,0,1,0,1
t.co,0,0,0,1,0,0,1,1,0,1,1,0,1,0,1
art-sticker.fr,0,0,1,5,0,0,0,0,0,0,0,0,1,0,1
planwise.co.za,0,0,1,7,0,0,0,0,0,0,1,0,1,0,1
netflixloginhelp.com,0,0,0,0,0,0,0,0,0,1,1,0,1,0,1
cheaproomsvalencia.com,0,0,1,5,0,0,0,0,1,0,1,0,1,0,1
stress-depression-therapy.com,0,0,0,0,0,0,0,0,1,1,1,0,1,0,1
ye4.hislult.com,0,0,1,1,0,0,1,0,0,0,1,0,1,0,1
mackinn.com,0,0,0,0,0,0,0,1,0,1,1,0,1,0,1
playarprint.com,0,0,1,2,0,0,1,0,0,0,0,0,1,0,1
helife.ru,0,0,0,0,0,0,0,1,0,1,1,0,1,0,1
c1781279.ferozo.com,0,0,1,5,0,0,0,0,1,0,1,1,1,1,1
rusnod.ru,0,0,0,1,0,0,0,0,0,0,1,0,1,0,1
cheaproomsvalencia.com,0,0,1,5,0,0,0,0,1,0,1,0,1,0,1
iscbankofamerica.net,0,0,0,0,0,0,0,0,0,0,1,0,1,0,1
viveromonteverde.com,0,0,1,3,0,0,0,0,0,1,1,0,1,0,1
halestelevision.co.uk,0,0,1,4,0,0,0,0,0,0,1,0,1,0,1
heryerdenoyna.com,0,0,0,0,0,0,0,0,0,0,0,0,1,0,1
stolizaparketa.ru,0,0,1,7,0,0,0,0,0,1,1,0,1,0,1
currosat.com,0,0,1,4,0,0,1,0,0,0,1,0,1,0,1
asabagreen.com,0,0,0,3,0,0,0,0,0,0,1,0,1,0,1
kaizenpak.com,0,0,0,1,0,0,0,0,0,0,0,0,1,0,1
fotoblad.com,0,0,1,4,0,0,0,0,0,0,1,0,1,0,1
wonderpillars.in,0,0,0,3,0,0,0,0,0,1,1,0,1,0,1
gwisalltrack.com,0,0,1,2,0,0,0,0,0,1,1,0,1,0,1
imagephoto-video.com,0,0,1,5,0,0,0,0,0,1,1,0,1,0,1
decaturilbgc.com,0,0,1,8,0,0,0,0,0,0,1,1,1,0,1
saldao-de-mes-das-maes.com,0,0,1,2,0,0,0,0,1,0,1,1,1,1,1
zbavit.live,0,0,0,1,0,0,0,0,0,0,1,0,1,0,1
dbs.rewardgateway.co.uk,0,0,0,0,0,0,0,0,0,0,0,0,1,0,1
docs.google.com,0,0,1,5,0,0,0,1,0,1,1,0,1,0,1
dipelnet.com.br,0,0,1,4,0,0,1,0,0,0,0,0,1,0,1
drjbsclinic.com,0,0,0,2,0,0,0,0,0,1,1,0,1,0,1
fislasdelrosario.org,0,0,0,3,0,0,0,0,0,0,0,0,1,0,1
storage.googleapis.com,0,1,1,3,0,0,1,0,0,1,1,0,1,0,1
psicoinspire.com.br,0,0,0,1,0,0,0,0,0,0,0,0,1,0,1
betasuus1.blogspot.com,0,0,0,0,0,0,1,0,0,0,1,0,1,0,1
lmsanimation.com,0,0,1,3,0,0,0,0,0,1,1,0,1,0,1
three.co.uk.session-id-jnwij293i8977dsn55688hga8669nd194jaj0ap889.dashbuy.rw,0,0,1,0,0,0,0,0,0,1,1,0,1,0,1
cheaproomsvalencia.com,0,0,1,5,0,0,0,0,1,0,0,0,1,0,1
disq.us,0,0,1,0,0,0,0,0,0,0,1,0,1,0,1
quickzone53.com,0,0,1,3,0,0,0,0,1,0,1,1,1,1,1
stolizaparketa.ru,0,1,1,7,0,0,0,0,0,1,1,0,1,0,1
teat09.com,0,0,0,3,0,0,0,0,0,0,0,0,1,0,1
kanakapolymers.com,0,0,1,5,0,0,0,0,0,1,1,0,1,0,1
pnrm.jp,0,0,1,11,0,0,0,0,0,0,1,0,1,0,1
surveyheart.com,0,0,1,2,0,0,1,0,0,1,1,0,1,0,1
securesquared.co.uk,0,0,1,4,0,0,0,0,0,0,1,0,1,0,1
a-onetraders.com,0,0,0,2,0,0,0,0,0,0,0,0,1,0,1
cruzsantiagoverta.com,0,0,1,4,0,0,0,0,0,0,0,0,1,0,1
lankeshpatrike.com,0,0,0,1,0,0,0,0,0,1,1,0,1,0,1
turkmcse.com,0,0,0,2,0,0,0,0,0,0,0,0,1,0,1
servparaferro.com.br,0,0,1,6,0,0,0,0,0,1,1,0,1,0,1
paypal-rimborso.com,0,0,0,0,0,0,0,0,0,0,1,0,1,0,1
ethioab.com,0,0,1,5,0,0,0,0,0,0,1,0,1,0,1
orgogenlabs.com,0,0,1,6,0,0,0,0,0,0,1,0,1,0,1
wisegeek.com,0,0,0,1,0,0,0,0,0,0,0,0,1,0,1
kinemind.com,0,0,1,6,0,0,0,0,0,0,1,0,1,0,1
kbagro.co.th,0,0,0,0,0,0,0,0,0,1,1,0,1,0,1
wezcollege.edu.pe,0,0,1,3,0,0,0,1,0,1,1,0,1,0,1
wdestaques14.comprehojeegarante.com,0,0,1,5,0,0,0,0,0,0,1,0,1,0,1
googlefoundation.somee.com,0,0,0,1,0,0,0,0,0,0,1,0,1,0,1
s.id,0,0,0,1,0,0,0,0,0,0,0,0,1,0,1
personalpiscinas.net.br,0,0,0,1,0,0,0,0,0,1,1,0,1,0,1
tmjdiscountbooks.com,0,0,1,3,0,0,0,0,0,0,1,0,1,0,1
sparkpassedecom.com,0,0,0,1,0,0,0,0,0,1,1,0,1,1,1
umij.org,0,0,0,2,0,0,0,0,0,0,1,0,1,0,1
peru.payulatam.com,0,0,1,2,0,0,0,0,0,0,1,0,1,0,1
coloradopoolcovers.com,0,0,0,2,0,0,0,0,0,0,0,0,1,0,1
revente-materiel.com,0,0,0,3,0,0,0,0,0,0,0,0,1,0,1
hitekscaffolding.co.uk,0,0,0,2,0,0,0,0,0,0,1,0,1,0,1
cutt.ly,0,0,0,1,0,0,0,0,0,1,1,0,1,0,1
projecthal.info,0,0,0,2,0,0,0,0,0,0,0,0,1,0,1
docs.google.com,0,0,1,5,0,0,0,0,0,1,1,0,1,0,1
csgohoned.com,0,0,0,0,0,0,0,0,0,0,1,0,1,0,1
prettanike.com,0,0,0,3,0,0,0,0,0,0,0,0,1,0,1
playarprint.com,0,0,1,2,0,0,1,0,0,1,1,0,1,0,1
haileydemarrephotography.com,0,0,0,2,0,0,0,0,0,0,0,0,1,0,1
ftp.kreijkesafbouw.nl,0,0,1,2,0,0,0,0,0,1,1,0,1,0,1
adleer-ad.com,0,0,0,1,0,0,0,0,1,0,0,1,1,1,1
nandiy.net,0,0,0,2,0,0,0,0,0,0,1,0,1,0,1
lender.testing.santander.poweredbydivido.com:443,0,0,1,0,0,0,0,0,0,1,1,0,1,0,1
pdfgusdf.com,0,0,0,0,0,0,0,0,0,0,0,0,1,0,1
trydent.org,0,0,1,6,0,0,0,0,0,0,0,0,1,1,1
advonationusa.com,0,0,1,5,0,0,0,0,0,0,0,0,1,0,1
izzylogz.nn.r.appspot.com,0,0,0,1,0,0,1,1,0,1,1,0,1,0,1
midyatmimaritas.com,0,0,1,5,0,0,0,0,0,0,0,0,1,0,1
services.runescape.com-mx.ru,0,0,0,0,0,0,0,0,0,0,1,0,1,1,1
918621521.live,0,0,0,1,0,0,0,1,0,1,1,0,1,0,1
decifra.com.br,0,0,1,3,0,0,0,0,0,1,1,0,1,0,1
m5wx.com,0,0,1,6,0,0,1,0,0,0,1,0,1,0,1
u718633rwt.ha004.t.justns.ru,0,0,0,3,0,0,0,0,0,0,0,0,1,0,1
desbloqueio-online.com,0,0,0,1,0,0,0,0,0,0,1,0,1,0,1
lntrealtly-seawoods.co.in,0,0,0,1,0,0,0,0,0,0,1,0,1,0,1
bgmedia.at,0,0,0,1,0,0,0,0,0,1,1,0,1,0,1
snoweco.com,0,0,0,1,0,0,0,0,0,0,0,0,1,0,1
ruasepicas.pt,0,0,1,1,0,0,1,1,0,1,1,0,1,0,1
showmore.a3579.com,0,0,1,1,0,0,0,0,0,0,1,0,1,0,1
bradisk.joomla.com,0,0,1,2,0,0,0,0,0,0,1,0,1,0,1
grupwhatsappadult.zyns.com,0,0,0,0,0,0,0,0,0,0,1,0,1,0,1
greenpoint.art.br,0,0,1,3,0,0,0,0,0,1,1,0,1,0,1
docs.google.com,0,0,1,5,0,0,0,0,0,1,1,0,1,0,1
theoutlet66mall.com,0,1,1,3,0,0,0,0,0,0,0,0,1,0,1
icipedudu-my.sharepoint.com,0,0,1,7,0,0,1,0,0,1,1,0,1,0,1
pay-pai-securty-verifyi-accunt-cmd.agr.ng,0,0,1,2,0,0,0,1,0,1,1,0,1,0,1
ou-parvenec.com,0,1,1,4,0,0,0,0,0,1,0,0,1,0,1
atefnet.com,0,0,1,4,0,0,1,0,0,0,0,0,1,0,1
johnbarclay.ca,0,0,0,2,0,0,0,0,1,0,0,0,1,0,1
tsuzuki.co.id,0,0,0,4,0,0,0,0,0,0,1,0,1,0,1
db.mailtrackpro.com,0,0,1,3,0,0,0,0,0,0,1,0,1,0,1
online-microsofts.dns.navy,0,0,0,2,0,0,0,1,0,1,1,0,1,0,1
payment-isuessglobal.doncasterservicecentre.com.au,0,0,1,1,0,0,0,0,0,1,1,0,1,0,1
artg.placeof.space,0,0,1,10,0,0,0,1,0,1,1,0,1,0,1
alaskanmalamute.us,0,0,1,2,0,0,0,0,0,0,1,0,1,0,1
gabergamez.cloudaccess.host,0,0,0,1,0,0,0,1,0,1,1,0,1,0,1
envirodrilling.com,0,0,1,5,0,0,0,0,0,1,1,0,1,0,1
redeabreu.com.br,0,0,1,4,0,0,0,0,0,1,1,0,1,0,1
docs.google.com,0,0,1,7,0,0,0,0,0,1,1,0,1,0,1
accountsnat-west.com,0,0,0,0,0,0,1,0,0,0,1,0,1,0,1
wuarface.ru,0,0,0,0,0,0,0,0,0,0,0,0,1,0,1
grupdewasa18.whatsappp.my.id,0,0,0,0,0,0,0,0,1,0,1,1,1,1,1
dhlaexpdeliver.com,0,0,0,1,0,0,0,0,1,0,1,1,1,1,1
j-noordeloos-regenesis-therapeut.nl,0,0,0,1,0,0,0,0,0,1,1,0,1,0,1
vkotankte.hop.ru,0,0,0,0,0,0,0,0,0,0,0,0,1,0,1
summa.cash.,0,0,0,0,0,0,0,0,0,1,1,0,1,0,1
linea1s.com,0,0,0,0,0,0,0,0,0,0,1,0,1,0,1
kukubun.com,0,0,0,3,0,0,0,0,0,1,1,0,1,0,1
yougotcustomers.in,0,0,0,2,0,0,0,0,0,0,1,0,1,0,1
lawyer.theappideas.in,0,0,1,7,0,0,0,0,0,0,1,0,1,0,1
restaurantelabarquita.com,0,1,1,2,0,0,0,0,0,0,0,0,1,0,1
olampicoer.blogspot.com,0,0,0,3,0,0,1,1,0,1,1,0,1,0,1
blubrown.com,0,0,1,5,0,0,0,0,0,0,1,0,1,0,1
w3stco.com,0,0,0,1,0,0,0,0,1,0,1,0,1,0,1
caspianglobalservices.com,0,0,0,2,0,0,0,0,0,0,1,0,1,0,1
docs.google.com,0,0,1,5,0,0,0,0,0,1,1,0,1,0,1
oaep.diw.go.th,0,0,1,6,0,0,0,0,0,1,1,0,1,0,1
verified-paxful.com,0,0,0,0,0,0,0,0,0,0,1,0,1,0,1
docs.google.com,0,0,1,5,0,0,0,0,0,1,1,0,1,0,1
accurate-engineers.in,0,0,1,3,0,0,0,0,0,0,1,0,1,0,1
deshstore.com,0,0,0,2,0,0,0,0,0,0,1,0,1,0,1
coxadminhometeam.moonfruit.com,0,0,0,0,0,0,1,0,0,0,0,0,1,0,1
67.211.218.74,1,0,0,3,0,0,0,0,0,0,1,0,1,0,1
cheaproomsvalencia.com,0,0,1,5,0,0,0,0,1,0,0,0,1,0,1
35.188.36.185,1,0,1,4,0,0,0,0,0,1,1,0,1,0,1
vanillacheckcard.com,0,0,0,0,0,0,0,0,1,0,1,1,1,1,1
distrokid.email,0,0,0,0,0,0,0,1,0,1,1,0,1,0,1
whatsapp-join.zyns.com,0,0,0,0,0,0,0,0,0,0,1,0,1,0,1
wellingtoncloud-my.sharepoint.com,0,0,1,5,0,0,1,0,0,1,1,0,1,0,1
arturana.com,0,0,0,4,0,0,0,0,0,0,0,0,1,0,1
greenpoint.art.br,0,0,1,3,0,0,0,1,1,1,0,0,1,0,1
docs.google.com,0,0,1,5,0,0,0,1,1,1,0,0,1,0,1
theoutlet66mall.com,0,1,1,3,0,0,0,0,0,1,0,0,1,0,1
icipedudu-my.sharepoint.com,0,0,1,7,0,0,1,1,1,0,0,0,1,0,1
pay-pai-securty-verifyi-accunt-cmd.agr.ng,0,0,1,2,0,0,1,1,1,0,0,0,1,0,1
ou-parvenec.com,0,1,1,4,0,0,1,1,0,1,0,0,1,0,1
atefnet.com,0,0,1,4,0,0,0,0,0,1,0,0,1,0,1
johnbarclay.ca,0,0,0,2,0,0,0,0,0,1,1,0,1,0,1
tsuzuki.co.id,0,0,0,4,0,0,0,0,1,1,0,0,1,0,1
db.mailtrackpro.com,0,0,1,3,0,0,0,0,1,0,0,0,1,0,1
online-microsofts.dns.navy,0,0,0,2,0,0,1,1,1,0,0,0,1,0,1
payment-isuessglobal.doncasterservicecentre.com.au,0,0,1,1,0,0,1,1,1,1,0,0,1,0,1
artg.placeof.space,0,0,1,10,0,0,0,1,1,1,0,0,1,0,1
alaskanmalamute.us,0,0,1,2,0,0,0,0,1,1,0,0,1,0,1
gabergamez.cloudaccess.host,0,0,0,1,0,0,0,1,1,1,0,0,1,0,1
envirodrilling.com,0,0,1,5,0,0,0,1,1,0,0,0,1,0,1
redeabreu.com.br,0,0,1,4,0,0,0,1,1,1,0,0,1,0,1
docs.google.com,0,0,1,7,0,0,0,1,1,1,0,0,1,0,1
accountsnat-west.com,0,0,0,0,0,0,1,0,1,1,0,0,1,0,1
wuarface.ru,0,0,0,0,0,0,0,0,0,1,0,0,1,0,1
grupdewasa18.whatsappp.my.id,0,0,0,0,0,0,0,0,1,0,1,1,1,1,1
dhlaexpdeliver.com,0,0,0,1,0,0,0,0,1,1,1,1,1,1,1
j-noordeloos-regenesis-therapeut.nl,0,0,0,1,0,0,1,1,1,1,0,0,1,0,1
vkotankte.hop.ru,0,0,0,0,0,0,0,0,0,0,0,0,1,0,1
summa.cash.,0,0,0,0,0,0,0,1,1,0,0,0,1,0,1
linea1s.com,0,0,0,0,0,0,0,0,1,1,0,0,1,0,1
kukubun.com,0,0,0,3,0,0,0,1,1,1,0,0,1,0,1
yougotcustomers.in,0,0,0,2,0,0,0,0,1,0,0,0,1,0,1
lawyer.theappideas.in,0,0,1,7,0,0,0,0,1,1,0,0,1,0,1
restaurantelabarquita.com,0,1,1,2,0,0,0,0,0,1,0,0,1,0,1
olampicoer.blogspot.com,0,0,0,3,0,0,0,1,1,1,0,0,1,0,1
blubrown.com,0,0,1,5,0,0,0,0,1,1,0,0,1,0,1
w3stco.com,0,0,0,1,0,0,0,0,1,0,1,0,1,0,1
caspianglobalservices.com,0,0,0,2,0,0,0,0,1,1,0,0,1,0,1
docs.google.com,0,0,1,5,0,0,0,1,1,1,0,0,1,0,1
oaep.diw.go.th,0,0,1,6,0,0,0,1,1,0,0,0,1,0,1
verified-paxful.com,0,0,0,0,0,0,1,0,1,1,0,0,1,0,1
docs.google.com,0,0,1,5,0,0,0,1,1,1,0,0,1,0,1
accurate-engineers.in,0,0,1,3,0,0,1,0,1,1,0,0,1,0,1
deshstore.com,0,0,0,2,0,0,0,0,1,0,0,0,1,0,1
coxadminhometeam.moonfruit.com,0,0,0,0,0,0,0,0,0,1,0,0,1,0,1
67.211.218.74,1,0,0,3,0,0,0,0,1,1,0,0,1,0,1
cheaproomsvalencia.com,0,0,1,5,0,0,0,0,0,1,1,0,1,0,1
35.188.36.185,1,0,1,4,0,0,0,1,1,1,0,0,1,0,1
vanillacheckcard.com,0,0,0,0,0,0,0,0,1,1,1,1,1,1,1
distrokid.email,0,0,0,0,0,0,0,1,1,1,0,0,1,0,1
whatsapp-join.zyns.com,0,0,0,0,0,0,1,0,1,0,0,0,1,0,1
wellingtoncloud-my.sharepoint.com,0,0,1,5,0,0,1,1,1,1,0,0,1,0,1
arturana.com,0,0,0,4,0,0,0,0,0,0,0,0,1,0,1
kaizenpak.com,0,0,1,6,0,0,0,0,0,1,0,0,1,0,1
wdestaques11.em-qualquer-lugar.shop,0,0,1,5,0,0,1,1,1,1,1,1,1,1,1
de2f.totalh.net,0,0,0,1,0,0,0,0,1,0,0,0,1,0,1
khoutiboxer.com,0,0,0,0,0,0,0,0,1,1,0,0,1,0,1
firebasestorage.googleapis.com,0,1,1,5,0,0,0,1,1,1,0,0,1,0,1
storage.googleapis.com,0,1,1,3,0,0,0,1,1,1,0,0,1,0,1
po.do,0,0,0,1,0,0,0,0,0,0,0,0,1,0,1
megeofhedt.com,0,0,0,2,0,0,0,1,1,1,0,0,1,0,1
caixa.gov.informativo.cx,0,0,0,0,0,0,0,0,1,1,1,1,1,1,1
oilsmarketingmastery.xyz,0,0,1,4,0,0,0,0,1,1,1,1,1,1,1
yoho.com.tw,0,0,1,4,0,0,0,0,1,0,0,0,1,1,1
primaci.org,0,0,0,3,0,0,0,0,0,1,0,0,1,0,1
sriutamahub.com,0,0,1,2,0,0,0,0,1,1,0,0,1,0,1
itsallaboutthetubmans.com,0,0,1,2,0,0,0,0,1,1,0,0,1,0,1
alergiaalpolen.com,0,0,0,2,0,0,0,0,0,1,0,0,1,0,1
cobrodesa.com,0,0,1,3,0,0,0,0,1,1,0,0,1,0,1
barogaleria.com,0,1,1,5,0,0,0,1,1,0,0,0,1,0,1
fsjames.ca,0,0,0,0,0,0,0,0,1,1,0,0,1,0,1
novageracaotransportes.com.br,0,0,1,3,0,0,0,1,1,1,0,0,1,0,1
wuarface.ru:443,0,0,0,0,0,0,0,1,1,1,0,0,1,0,1
btiesolutions.com,0,0,0,3,0,0,0,0,0,1,0,0,1,0,1
artsandculturemag.com,0,0,1,5,0,0,0,0,1,1,0,0,1,0,1
surb.madebyhaley.com,0,0,1,1,0,0,0,0,1,1,0,0,1,0,1
atagucsea.com,0,0,1,5,0,0,0,1,1,1,0,0,1,0,1
am-t.by,0,1,1,5,0,0,1,0,1,1,0,0,1,0,1
alojamientoenobera.com.ar,0,0,0,1,0,0,0,1,1,1,0,0,1,0,1
runescape.com-srs.xyz,0,0,0,0,0,0,1,0,1,1,1,1,1,1,1
gaughrith.com,0,1,1,6,0,0,0,0,0,1,0,0,1,0,1
thejobnewsupdate.com,0,0,1,5,0,0,0,0,1,1,0,0,1,0,1
ftp.kingdomhotelsupplies.nl,0,0,1,2,0,0,0,1,1,0,0,0,1,0,1
umij.org,0,0,0,2,0,0,0,0,1,1,0,0,1,0,1
identifikatsiya.com,0,0,0,0,0,0,0,1,1,1,0,0,1,0,1
viccats.camcam.dns-cloud.net,0,0,1,4,0,0,1,0,0,0,0,0,1,0,1
firebasestorage.googleapis.com,0,0,1,5,0,0,0,1,1,1,0,0,1,0,1
split.to,0,0,0,1,0,0,0,1,1,0,0,0,1,0,1
hospitalarpaulista.com.br,0,0,1,5,0,0,0,1,1,1,0,0,1,0,1
quarentenamagazine.com,0,0,1,2,0,0,0,0,1,1,1,1,1,1,1
flightattendantessentials.com,0,0,1,6,0,0,0,1,1,0,0,0,1,0,1
mikulaskocogas.hu,0,0,0,3,0,0,0,1,1,1,0,0,1,0,1
kensonsitepcrepair.com,0,0,0,1,0,0,0,1,1,1,0,0,1,0,1
firebasestorage.googleapis.com,0,1,1,5,0,0,0,1,1,1,0,0,1,0,1
enorma.is,0,0,1,7,0,0,0,1,1,1,1,0,1,0,1
bestydecor.com,0,0,1,5,0,0,0,0,1,0,1,1,1,1,1
presentedodiadasmaeseaqui.com,0,0,1,2,0,0,0,1,1,1,0,0,1,0,1
eventdofus.com,0,0,0,0,0,0,0,0,1,1,0,0,1,0,1
regiscoyne.com,0,0,1,1,0,0,0,0,1,0,0,0,1,0,1
kfqp4.pcgaboma.com,0,0,1,1,0,0,0,1,1,0,0,0,1,0,1
passionateminnow.com,0,0,0,1,0,0,0,0,1,1,0,0,1,0,1
art-sticker.fr,0,0,1,4,0,0,1,0,0,1,0,0,1,0,1
w2-bb-acesso-online.cloud-fr1.unispace.io,0,0,1,2,0,0,1,0,0,0,0,0,1,0,1
megamagaluon.com,0,0,0,1,0,0,0,0,1,1,0,0,1,0,1
mail01.tinyletterapp.com,0,0,1,7,0,0,0,0,1,0,0,0,1,0,1
csknow.clicknkids.com,0,0,1,6,0,0,0,0,1,0,0,0,1,0,1
maximusmovingup.com,0,0,0,2,0,0,0,0,1,1,0,0,1,0,1
tptelecom.it,0,0,1,6,0,0,0,0,0,1,1,0,1,0,1
noutbookofff.ru,0,0,0,2,0,0,0,0,1,1,0,0,1,0,1
prehardenelectronically.com,0,0,0,0,0,0,0,0,0,1,0,0,1,0,1
playarprint.com,0,0,1,2,0,0,0,1,1,1,0,0,1,0,1
thelogodept.com,0,0,1,7,0,0,0,0,0,1,0,0,1,0,1
night-kingdom.mysteria.cz,0,0,1,1,0,0,1,0,1,0,0,0,1,0,1
hostpoint.ch.hebetec.ch.p2aexpertise.com,0,0,1,1,0,0,0,0,0,1,0,0,1,0,1
viewitem.eday.co.uk.itm.vauxhallastramk516174257807917item289293222dj4aaoswq4venxoo.cloudhappyconsulting.com,0,0,1,1,0,0,0,0,1,1,0,0,1,0,1
southcountyclassified.com,0,0,1,5,0,0,0,0,0,1,0,0,1,0,1
wholesalemsms.club,0,0,0,2,0,0,0,0,0,1,0,0,1,0,1
soo.gd,0,0,0,1,0,0,0,1,1,1,0,0,1,0,1
2933517.com,0,0,0,2,0,0,0,1,1,1,0,0,1,0,1
csgoprime.ml,0,0,0,2,0,0,0,1,1,1,1,0,1,0,1
firstbanktrust1.vmpxsites.com,0,0,0,0,0,0,0,1,1,0,0,0,1,0,1
wlrembroidery.com,0,0,1,1,0,0,0,1,0,1,0,0,1,0,1
facebook.com-marketplace-93839.mediaryte.co,0,0,0,0,0,0,1,0,0,1,0,0,1,0,1
expeditions-of-e.com,0,0,1,3,0,0,1,0,1,1,0,0,1,0,1
joankaslaan.com,0,0,0,1,0,0,0,1,1,1,0,0,1,0,1
yourecofamily.com,0,0,0,1,0,0,0,0,1,1,0,0,1,0,1
vegancenter.hu,0,0,1,2,0,0,0,1,1,1,0,0,1,0,1
cadastro.byethost6.com,0,0,0,1,0,0,0,0,1,1,0,0,1,0,1
stpetersquare.net,0,0,0,1,0,0,0,0,1,1,1,1,1,1,1
35.239.229.191,1,0,0,1,0,0,0,1,1,1,0,0,1,0,1
serwer2057731.home.pl,0,0,1,9,0,0,0,0,1,1,0,0,1,0,1
taijishentie.com,0,0,1,2,1,0,0,0,1,1,0,0,1,0,1
vkstickerc.000webhostapp.com,0,0,0,0,0,0,0,0,1,1,0,0,1,0,1
embassyhotelguntur.com,0,0,0,3,0,0,0,0,1,1,0,0,1,0,1
my3billing-three.com,0,0,0,0,0,0,1,0,1,1,0,0,1,0,1
officialtobinbell.com,0,0,1,1,0,0,0,0,1,1,0,0,1,0,1
physics.uctm.edu,0,0,1,6,0,0,0,1,1,0,0,0,1,0,1
bpl.kr,0,0,0,1,0,0,0,0,1,0,0,0,1,0,1
induferram.com,0,0,1,5,0,0,0,0,0,1,0,0,1,0,1
netorgft3927858-my.sharepoint.com,0,0,1,5,0,0,1,1,1,1,0,0,1,0,1
cembra-ch.com,0,0,0,0,0,0,1,0,1,1,0,0,1,0,1
saleschampion.co.uk,0,0,1,5,0,0,0,0,1,1,0,0,1,0,1
ffinam.com,0,0,1,4,0,0,0,0,0,1,0,0,1,0,1
kgmarbledesigns.com,0,0,0,0,0,0,0,0,1,0,0,0,1,0,1
autorizador5.com.br,0,0,1,7,0,0,0,1,1,1,0,0,1,0,1
livestudentccc-my.sharepoint.com,0,0,1,5,0,0,1,1,1,0,0,0,1,0,1
sieck-kuehlsysteme.de,0,1,1,4,0,0,1,1,1,1,0,0,1,0,1
golden-puzzled-tailor.glitch.me,0,0,0,0,0,0,1,0,1,1,0,0,1,0,1
truckcalling.com,0,0,0,1,0,0,0,0,1,1,1,1,1,1,1
bit-x.ru,0,0,0,0,0,0,1,0,1,0,1,1,1,1,1
chase-verification.diligencees.com,0,0,1,2,0,0,1,0,0,1,1,1,1,1,1
ndt-college.kz,0,0,1,6,0,0,1,1,1,1,0,0,1,0,1
nhc2020.com,0,0,0,3,0,0,0,0,0,1,0,0,1,0,1
cittainfinite.eu,0,0,1,2,0,0,0,1,1,1,0,0,1,0,1
kaizenpak.com,0,0,0,2,0,0,0,0,0,1,0,0,1,1,1
pagesyouraccount.cloudns.asia,0,0,0,1,0,0,0,1,1,1,0,0,1,0,1
support.zuzugroup.com,0,0,0,2,0,0,0,0,0,1,0,0,1,0,1
espaceclientv1.fr,0,0,1,5,0,0,0,0,1,1,0,0,1,0,1
lakinshore.buzz,0,0,0,2,0,0,0,1,1,1,0,0,1,0,1
playarprint.com,0,0,1,2,0,0,0,1,1,1,0,0,1,0,1
art-sticker.fr,0,0,1,5,0,0,1,0,0,1,0,0,1,0,1
garajd.com,0,0,0,3,0,0,0,0,1,1,0,0,1,0,1
viibes.com,0,0,1,4,0,0,0,0,1,1,1,1,1,1,1
xn--sparkass-i1a.connect-1412.de,0,0,1,2,0,0,1,1,1,1,0,0,1,0,1
turkmcse.com,0,0,0,2,0,0,0,0,0,1,0,0,1,0,1
maciel.med.br,0,0,0,3,0,0,0,1,1,1,0,0,1,0,1
hostiotics.com,0,0,1,4,0,0,0,0,1,0,1,0,1,0,1
avaceklpterms.ga,0,0,0,1,0,0,0,1,1,1,0,0,1,0,1
c1511482.ferozo.com,0,0,0,4,0,0,0,0,1,1,1,1,1,1,1
sriaishwaryaconstruction.com,0,0,0,1,0,0,0,0,0,1,1,0,1,0,1
advonationusa.com,0,0,1,5,0,0,0,0,0,1,0,0,1,0,1
eth-give.info,0,0,0,0,0,0,1,1,1,1,0,0,1,0,1
infopublishersassociation.com,0,0,1,8,0,0,0,0,1,1,1,0,1,0,1
wazzpromo.com,0,0,0,2,0,0,0,0,0,1,0,0,1,0,1
iti.itau,0,0,0,0,0,0,0,0,1,0,0,0,1,0,1
1drv.ms,0,0,0,2,0,0,0,0,0,0,0,0,1,0,1
zohard.com,0,0,1,8,0,0,0,0,0,1,1,0,1,0,1
chego-unicopicpayonone.com,0,0,1,4,0,0,1,0,1,1,0,0,1,0,1
art-sticker.fr,0,0,1,5,0,0,1,0,0,1,0,0,1,0,1
qvkw.000webhostapp.com,0,0,0,0,0,0,0,0,1,1,0,0,1,0,1
chat.whatscpp.com,0,0,0,1,0,0,0,0,1,0,0,0,0,0,1
81cbd50754804973894115930bc620f5.testing-url.ws,0,0,1,6,0,0,1,1,1,1,0,0,1,0,1
dofus.page,0,0,0,4,0,0,0,1,1,1,0,0,1,0,1
lynshirt.com,0,0,1,4,0,0,0,0,1,0,0,0,1,0,1
pacoboats.com,0,0,1,4,0,0,0,0,1,1,0,0,1,0,1
doc.google.share.pressurecookerindia.com,0,0,1,1,0,0,0,0,0,1,0,0,1,0,1
kunstpris.dk,0,0,1,4,0,0,0,0,1,1,0,0,1,0,1
mastercitydisplay.com,0,0,1,3,0,0,0,0,0,1,0,0,1,0,1
lucidfestival.com,0,0,1,6,0,0,0,0,1,1,0,0,1,0,1
pixel.baltic-dragon.ru,0,1,1,4,0,0,1,0,1,1,0,0,1,0,1
smsorangesmsmessage.myfreesites.net,0,0,0,0,0,0,0,0,1,0,0,0,1,0,1
onedrivestoragedatayu.dns-cloud.net,0,0,0,1,0,0,1,0,0,0,1,1,1,1,1
wilstv.com,0,0,1,4,0,0,0,0,1,1,0,0,1,0,1
sunburstmedia.com,0,0,1,4,0,0,0,0,0,0,0,0,1,0,1
holychildschool.co.in,0,0,1,7,0,0,0,0,1,0,0,0,1,0,1
ata22.ir,0,0,0,1,0,0,0,1,1,1,1,1,1,1,1
hashwide.com,0,0,1,4,0,0,0,0,0,0,0,0,1,0,1
firebasestorage.googleapis.com,0,0,1,5,0,0,0,1,1,1,0,0,1,0,1
benson6303.com,0,1,1,5,0,0,0,0,0,1,0,0,1,0,1
nectaribate.com.br,0,0,1,3,0,0,0,1,1,1,0,0,1,0,1
yopihandrianto.net,0,0,0,1,0,0,0,0,1,1,0,0,1,0,1
kurskin.be,0,0,1,6,0,0,0,1,1,0,0,0,1,0,1
washpucks.com,0,0,1,3,0,0,0,0,0,1,0,0,1,0,1
zeimbresyxtmupgrdx40rew.jdevcloud.com,0,0,0,0,0,0,0,1,1,1,0,0,1,0,1
chillzone.nick.de,0,0,1,6,0,0,0,1,1,0,0,0,1,0,1
chat.whatsagp.com,0,0,0,1,0,0,0,0,0,0,0,0,0,0,1
freedentist.net,0,0,0,2,0,0,0,0,0,1,1,1,1,1,1
kjjllgf.blogspot.com,0,0,0,0,0,0,0,1,1,1,0,0,1,0,1
drive.google.com,0,0,1,4,0,0,0,1,1,1,0,0,1,0,1
myappstore.org,0,0,1,5,0,0,0,0,1,1,0,0,1,0,1
livenmitac-my.sharepoint.com,0,0,1,5,0,0,1,1,1,1,0,0,1,0,1
bp-formularios-covid19.azurewebsites.net,0,0,0,0,0,0,1,1,1,1,0,0,1,0,1
cafecitoperez.ivanidzakovic.com,0,0,1,6,0,0,0,0,1,1,0,0,1,0,1
blog.drall.com.br,0,0,0,2,0,0,0,1,1,0,0,0,1,0,1
gerdalights.buzz,0,0,1,2,0,0,0,1,1,1,0,0,1,0,1
paypalsigninfo.deisemelo.com,0,0,0,0,0,0,0,0,1,1,0,0,1,0,1
soo.gd,0,0,0,1,0,0,0,1,1,1,0,0,1,0,1
nicolacirilli.it,0,1,0,1,0,0,0,0,1,1,0,0,1,0,1
grottedisaledesenzano.com,0,0,0,1,0,0,0,0,1,1,0,0,1,0,1
dataupdaterequired.site44.com,0,0,0,0,0,0,0,0,1,0,0,0,1,0,1
firesidelodge.net,0,0,1,9,0,0,0,0,1,1,0,0,1,0,1
aviationconsultantsworldwide.com,0,0,1,3,0,0,0,0,1,1,1,0,1,0,1
dunggiodrilling.com,0,0,1,10,0,0,0,0,0,0,0,0,1,0,1
davidhavenar2311.typeform.com,0,0,0,2,0,0,0,0,0,1,0,0,1,0,1
covid19-seguranca.autosmsbb.com,0,0,0,0,0,0,1,0,1,1,0,0,1,0,1
actiie844.coffeecup.com,0,0,0,2,0,0,0,0,1,1,0,0,1,0,1
cafecitoperez.ivanidzakovic.com,0,0,1,6,0,0,0,0,1,1,0,0,1,0,1
treasurechicks.com,0,0,1,6,0,0,0,0,1,1,0,0,1,1,1
shadetreetechnology.com,0,0,0,2,0,0,0,0,0,1,0,0,1,0,1
shophealthybits.com,0,0,0,3,0,0,0,0,1,0,0,0,1,0,1
playarprint.com,0,0,1,2,0,0,0,1,1,1,0,0,1,0,1
dev.seatassignmate.net,0,0,1,2,0,0,0,0,1,1,0,0,1,0,1
pg-series-atendimento.joomla.com,0,0,1,2,0,0,1,0,1,1,0,0,1,0,1
borrachao.com.br,0,0,1,5,0,0,0,1,1,1,0,0,1,0,1
s1577556206.t.en25.com,0,0,1,2,0,0,0,0,1,1,0,0,1,0,1
medellincannabis.co,0,0,0,2,0,0,0,0,0,1,0,0,1,0,1
xn--72ca8ce9ah4dwbp9a8jnd.com,0,0,1,5,0,0,1,0,1,1,0,0,1,0,1
thelogodept.com,0,0,1,6,0,0,0,0,0,1,0,0,1,0,1
informes055.wixsite.com,0,0,0,1,0,0,0,0,1,1,0,0,1,0,1
elpla.pl,0,0,0,3,0,0,0,0,1,1,1,0,1,0,1
ig-always.000webhostapp.com,0,0,0,0,0,0,1,0,1,1,0,0,1,0,1
lunaclothing-my.sharepoint.com,0,0,1,5,0,0,1,1,1,1,0,0,1,0,1
paxful.com.transfer.boubit.com,0,0,0,0,0,0,0,0,1,1,0,0,1,0,1
heliosroofing-my.sharepoint.com,0,0,1,5,0,0,1,1,1,1,0,0,1,0,1
benamejicityofbaseball.com,0,0,0,2,0,0,0,0,0,1,0,0,1,0,1
honda4fun.com,0,0,0,2,0,0,0,1,1,1,0,0,1,0,1
livecalgary.com,0,0,0,4,0,0,0,0,0,1,1,1,1,1,1
app66560000.blogspot.com,0,0,0,0,0,0,0,1,1,1,0,0,1,0,1
politikesgeuseis.gr,0,1,1,5,0,0,0,1,1,0,0,0,1,0,1
fes-romania.org,0,1,1,2,0,0,1,0,1,0,0,0,1,0,1
irmasbeneditinasdp.com.br,0,0,1,4,0,0,0,1,1,1,0,0,1,0,1
enigreen.net,0,0,1,3,0,0,0,0,1,1,0,0,1,0,1
jppost-ga.co,0,0,0,1,0,0,1,0,0,0,1,1,1,1,1
51jianli.cn,0,0,1,1,0,0,0,0,1,1,0,0,1,0,1
clever-bhabha.netlify.app,0,0,0,0,0,0,1,0,1,1,0,0,1,0,1
roithai.com,0,0,1,6,0,0,0,1,1,1,0,0,1,0,1
docs.google.com,0,0,1,5,0,0,0,1,1,1,0,0,1,0,1
getactive365.com,0,0,1,4,0,0,0,0,0,1,0,0,1,0,1
manutencaoitauchecks.com,0,0,0,1,0,0,0,0,1,1,0,0,1,0,1
digitalmillionaires.com,0,0,0,1,0,0,0,0,0,0,0,0,1,0,1
mail.speedy.com.pk,0,0,1,4,0,0,0,1,1,0,0,0,1,0,1
docs.google.com,0,0,1,5,0,0,0,1,1,1,0,0,1,0,1
playarprint.com,0,0,0,2,0,0,0,1,1,1,0,0,1,0,1
southcountyclassified.com,0,0,1,5,0,0,0,0,0,1,0,0,1,0,1
koskas.activehosted.com,0,0,1,1,0,0,0,0,1,1,0,0,1,0,1
venturegroupit.com,0,0,1,2,0,0,0,0,0,1,0,0,1,0,1
turkmcse.com,0,0,0,2,0,0,0,0,0,1,0,0,1,0,1
tsgesg.jdim.com.cn,0,0,0,0,0,0,0,0,0,1,0,0,1,0,1
fashionphotographycourse.com,0,0,1,3,0,0,0,0,0,1,0,0,1,0,1
saadhagaparavaigal.com,0,0,1,4,0,0,0,0,0,1,0,0,1,0,1
arenda167023.000webhostapp.com,0,0,0,0,0,0,0,0,1,1,0,0,1,0,1
viralcc.com,0,0,0,1,0,0,0,0,0,0,0,0,1,0,1
loveskinhub.com,0,0,0,2,0,0,0,0,1,1,0,0,1,0,1
cheaproomsvalencia.com,0,0,1,5,0,0,0,0,0,1,1,0,1,0,1
ime.uff.br,0,0,1,8,0,0,0,1,1,1,0,0,1,0,1
hoobpromoticon.gq,0,0,0,0,0,0,0,1,1,1,1,0,1,0,1
caribconnectlaw.com,0,0,1,5,0,0,0,0,1,1,0,0,1,0,1
hrweb99.com,0,0,0,5,0,0,0,0,1,1,0,0,1,0,1
assist-att.net,0,0,0,0,0,0,1,0,1,1,0,0,1,0,1
kosmetyczka-radzymin.pl,0,0,1,8,0,0,1,0,0,1,0,0,1,0,1
newweb99841020lkm-com.preview-domain.com,0,0,1,1,0,0,1,0,1,1,0,0,1,0,1
endo.ba,0,0,1,3,0,0,0,1,1,1,0,0,1,0,1
graphicriver.net,0,0,1,1,0,0,0,1,1,1,0,0,1,0,0
ecnavi.jp,0,0,1,1,1,0,0,1,1,1,0,0,1,0,0
hubpages.com,0,0,1,1,0,0,0,0,1,1,0,0,1,0,0
extratorrent.cc,0,0,1,3,0,0,0,0,1,1,0,0,1,0,0
icicibank.com,0,0,1,3,0,0,0,0,1,1,0,0,1,0,0
nypost.com,0,0,1,4,0,0,0,1,1,1,0,0,1,0,0
kienthuc.net.vn,0,0,1,2,0,0,0,1,1,1,0,0,1,0,0
thenextweb.com,0,0,1,6,0,0,0,0,0,1,0,0,1,0,0
tobogo.net,0,0,1,2,0,0,0,0,0,1,0,0,1,0,0
akhbarelyom.com,0,0,1,5,0,0,0,0,1,1,0,0,1,0,0
tunein.com,0,0,1,5,0,0,0,0,1,1,0,0,1,1,0
tune.pk,0,0,1,3,0,0,0,1,1,1,0,0,1,0,0
sfglobe.com,0,0,1,4,0,0,0,0,1,0,1,0,1,0,0
mic.com,0,0,1,3,0,0,0,0,1,1,0,0,1,0,0
thenextweb.com,0,0,1,6,0,0,0,0,0,1,0,0,1,0,0
couchtuner.eu.com,0,0,1,3,0,0,0,1,1,1,0,0,1,0,0
olx.in,0,0,1,3,0,0,0,0,1,1,0,0,1,1,0
venturebeat.com,0,0,1,4,0,0,0,0,1,1,0,0,1,0,0
allegro.pl,0,0,1,2,0,0,0,1,1,1,0,0,1,1,0
allegro.pl,0,0,1,2,0,0,0,1,1,1,0,0,1,1,0
tinnhanh360.net,0,0,1,1,0,0,0,1,1,1,1,1,1,1,0
metro.co.uk,0,0,1,4,0,0,0,1,1,1,0,0,1,0,0
atwiki.jp,0,0,1,2,0,0,0,1,1,1,0,0,1,0,0
emgn.com,0,0,1,2,0,0,0,0,0,1,1,1,1,1,0
nguyentandung.org,0,0,1,1,0,0,0,0,1,0,0,0,1,0,0
motthegioi.vn,0,0,1,2,0,0,0,1,1,1,0,0,1,0,0
spankbang.com,0,0,1,3,0,0,0,0,1,1,0,0,1,0,0
torcache.net,0,0,1,2,0,0,0,1,1,0,0,0,1,0,0
mic.com,0,0,1,3,0,0,0,0,1,1,0,0,1,0,0
thenextweb.com,0,0,1,7,0,0,0,0,0,1,0,0,1,0,0
emgn.com,0,0,1,2,0,0,0,0,0,1,1,1,1,1,0
depositphotos.com,0,0,1,1,0,0,0,0,1,1,0,0,1,0,0
serverfault.com,0,0,1,3,0,0,0,0,1,1,0,0,1,0,0
kakaku.com,0,0,1,6,0,0,0,0,0,1,0,0,1,0,0
indianexpress.com,0,0,1,4,0,0,0,0,1,1,0,0,1,0,0
nypost.com,0,0,1,4,0,0,0,1,1,1,0,0,1,0,0
distractify.com,0,0,1,10,0,0,0,0,1,1,0,0,1,0,0
sourceforge.net,0,0,1,3,0,0,0,1,1,1,0,0,1,0,0
babal.net,0,0,1,4,0,0,0,0,1,0,0,0,1,0,0
serverfault.com,0,0,1,3,0,0,0,0,1,1,0,0,1,0,0
cookpad.com,0,0,1,1,0,0,0,0,1,1,0,0,1,0,0
plarium.com,0,0,1,5,0,0,0,0,1,1,0,0,1,0,0
pikabu.ru,0,0,1,3,0,0,0,0,1,1,1,1,1,1,0
grantland.com,0,0,1,2,0,0,0,1,1,1,0,0,1,0,0
allegro.pl,0,0,1,3,0,0,0,1,1,1,0,0,1,0,0
nguyentandung.org,0,0,1,1,0,0,0,0,1,0,0,0,1,0,0
allegro.pl,0,0,1,2,0,0,0,1,1,1,0,0,1,0,0
europa.eu,0,0,1,6,0,0,0,1,1,1,0,0,1,0,0
extratorrent.cc,0,0,1,3,0,0,0,0,1,1,0,0,1,0,0
persianblog.ir,0,0,1,4,0,0,0,1,1,1,1,1,1,1,0
distractify.com,0,0,1,10,0,0,0,0,1,1,0,0,1,0,0
kenh14.vn,0,0,1,2,0,0,0,1,1,1,0,0,1,0,0
twitter.com,0,0,1,1,0,0,0,1,1,1,0,0,1,0,0
nesn.com,0,0,1,3,0,0,0,0,1,1,0,0,1,0,0
fishki.net,0,0,1,1,0,0,0,0,1,1,0,0,1,0,0
syosetu.com,0,0,1,3,0,0,0,1,1,1,0,0,1,0,0
akhbarelyom.com,0,0,1,5,0,0,0,0,1,1,0,0,1,0,0
allegro.pl,0,0,1,1,0,0,0,1,1,1,0,0,1,0,0
getpocket.com,0,0,1,1,1,0,0,0,1,1,0,0,1,0,0
mylust.com,0,0,1,3,0,0,0,1,1,1,0,0,1,0,0
censor.net.ua,0,0,1,3,0,0,0,0,1,1,0,0,1,0,0
pornsharing.com,0,0,1,1,0,0,0,0,0,0,0,0,1,0,0
genius.com,0,0,1,3,0,0,0,0,1,1,0,0,1,0,0
sourceforge.net,0,0,1,3,0,0,0,1,1,1,0,0,1,0,0
codecanyon.net,0,0,1,4,0,0,0,1,1,1,0,0,1,1,0
qz.com,0,0,1,2,0,0,0,0,1,1,0,0,1,0,0
kenh14.vn,0,0,1,2,0,0,0,1,1,1,0,0,1,0,0
uproxx.com,0,0,1,4,0,0,0,0,1,1,0,0,1,0,0
babal.net,0,0,1,4,0,0,0,0,1,0,0,0,1,0,0
mic.com,0,0,1,3,0,0,0,0,1,1,0,0,1,0,0
torcache.net,0,0,1,2,0,0,0,1,1,0,0,0,1,0,0
paytm.com,0,0,1,2,0,0,0,0,1,1,0,0,1,1,0
motthegioi.vn,0,0,1,3,0,0,0,1,1,1,0,0,1,0,0
torcache.net,0,0,1,2,0,0,0,1,1,0,0,0,1,0,0
thenextweb.com,0,0,1,6,0,0,0,0,0,1,0,0,1,0,0
extratorrent.cc,0,0,1,3,0,0,0,0,1,1,0,0,1,0,0
genius.com,0,0,1,3,0,0,0,0,1,1,0,0,1,0,0
thenextweb.com,0,0,1,5,0,0,0,0,0,1,0,0,1,0,0
kienthuc.net.vn,0,0,1,2,0,0,0,1,1,1,0,0,1,0,0
sourceforge.net,0,0,1,3,0,0,0,1,1,1,0,0,1,0,0
nypost.com,0,0,1,4,0,0,0,1,1,1,0,0,1,0,0
ap.org,0,0,1,4,0,0,0,0,1,1,0,0,1,0,0
indianexpress.com,0,0,1,4,0,0,0,0,1,1,0,0,1,0,0
extratorrent.cc,0,0,1,3,0,0,0,0,1,1,0,0,1,0,0
correios.com.br,0,0,1,5,0,0,0,1,1,1,0,0,1,0,0
web.de,0,0,1,6,0,0,0,1,1,1,0,0,1,0,0
noticias.uol.com.br,0,0,1,6,0,0,0,1,1,1,0,0,1,0,0
bdnews24.com,0,0,1,5,0,0,0,0,1,1,0,0,1,0,0
kenh14.vn,0,0,1,2,0,0,0,1,1,1,0,0,1,0,0
codecanyon.net,0,0,1,4,0,0,0,1,1,1,0,0,1,1,0
tunein.com,0,0,1,2,0,0,0,0,1,1,0,0,1,0,0
nguyentandung.org,0,0,1,1,0,0,0,0,1,0,0,0,1,0,0
kickass.to,0,0,1,1,0,0,0,1,1,1,0,0,1,0,0
weathernews.jp,0,0,1,4,0,0,0,1,1,1,0,0,1,0,0
atwiki.jp,0,0,1,2,0,0,0,1,1,1,0,0,1,0,0
plarium.com,0,0,1,5,0,0,0,0,1,1,0,0,1,0,0
chaturbate.com,0,0,1,3,0,0,0,0,1,1,0,0,1,0,0
babal.net,0,0,1,4,0,0,0,0,1,0,0,0,1,0,0
sberbank.ru,0,0,1,9,0,0,0,0,0,1,0,0,1,1,0
torcache.net,0,0,1,2,0,0,0,1,1,0,0,0,1,0,0
torcache.net,0,0,1,2,0,0,0,1,1,0,0,0,1,0,0
pikabu.ru,0,0,1,3,0,0,0,0,1,1,1,1,1,1,0
mirtesen.ru,0,0,1,1,0,0,0,0,1,1,0,0,1,0,0
mirtesen.ru,0,0,1,1,0,0,0,0,1,1,0,0,1,0,0
distractify.com,0,0,1,10,0,0,0,0,1,1,0,0,1,0,0
jalopnik.com,0,0,1,2,0,0,0,1,0,1,0,0,1,0,0
techcrunch.com,0,0,1,4,0,0,0,1,1,1,0,0,1,0,0
twitter.com,0,0,1,1,0,0,0,1,1,1,0,0,1,0,0
torcache.net,0,0,1,2,0,0,0,1,1,0,0,0,1,0,0
thenextweb.com,0,0,1,6,0,0,0,0,0,1,0,0,1,0,0
arstechnica.com,0,0,1,4,0,0,0,1,1,1,0,0,1,0,0
tunein.com,0,0,1,5,0,0,0,0,1,1,0,0,1,1,0
torrentdn.com,0,0,1,2,0,0,0,0,1,1,0,0,1,0,0
searchengineland.com,0,0,1,1,0,0,0,0,0,1,0,0,1,0,0
nesn.com,0,0,1,3,0,0,0,0,1,1,0,0,1,0,0
paytm.com,0,0,1,2,0,0,0,0,1,1,0,0,1,1,0
torcache.net,0,0,1,2,0,0,0,1,1,0,0,0,1,0,0
metro.co.uk,0,0,1,4,0,0,0,1,1,1,0,0,1,0,0
censor.net.ua,0,0,1,14,0,0,0,0,1,1,0,0,1,0,0
depositphotos.com,0,0,1,1,0,0,0,0,1,1,0,0,1,0,0
thenextweb.com,0,0,1,6,0,0,0,0,0,1,0,0,1,0,0
putlocker.is,0,0,1,1,0,0,0,1,1,0,0,0,1,0,0
tunein.com,0,0,1,5,0,0,0,0,1,1,0,0,1,0,0
lifehacker.com,0,0,1,2,0,0,0,1,0,1,0,0,1,0,0
extratorrent.cc,0,0,1,3,0,0,0,0,1,1,0,0,1,0,0
mylust.com,0,0,1,3,0,0,0,1,1,1,0,0,1,0,0
buzzfil.net,0,0,1,3,0,0,0,1,1,0,0,0,1,0,0
censor.net.ua,0,0,1,3,0,0,0,0,1,1,0,0,1,0,0
ap.org,0,0,1,4,0,0,0,0,1,1,0,0,1,0,0
akhbarelyom.com,0,0,1,5,0,0,0,0,1,1,0,0,1,0,0
sourceforge.net,0,0,1,3,0,0,0,1,1,1,0,0,1,0,0
kakaku.com,0,0,1,6,0,0,0,0,0,1,0,0,1,0,0
jezebel.com,0,0,1,2,0,0,0,1,0,1,0,0,1,0,0
grantland.com,0,0,1,2,0,0,0,1,1,1,0,0,1,0,0
gov.uk,0,0,1,3,0,0,0,1,1,1,0,0,1,0,0
emgn.com,0,0,1,2,0,0,0,0,0,1,1,1,1,1,0
bdnews24.com,0,0,1,5,0,0,0,0,1,1,0,0,1,0,0
web.de,0,0,1,5,0,0,0,1,1,1,0,0,1,0,0
extratorrent.cc,0,0,1,3,0,0,0,0,1,1,0,0,1,0,0
torcache.net,0,0,1,2,0,0,0,1,1,0,0,0,1,0,0
twitter.com,0,0,1,1,0,0,0,1,1,1,0,0,1,0,0
seekingalpha.com,0,0,1,2,0,0,0,0,0,1,0,0,1,0,0
web.tv,0,0,1,8,0,0,0,1,1,1,0,0,1,0,0
indianexpress.com,0,0,1,4,0,0,0,0,1,1,0,0,1,0,0
web.de,0,0,1,5,0,0,0,1,1,1,0,0,1,0,0
olx.co.id,0,0,1,7,0,0,0,0,0,1,0,0,1,1,0
mylust.com,0,0,1,3,0,0,0,1,1,1,0,0,1,0,0
babal.net,0,0,1,4,0,0,0,0,1,0,0,0,1,0,0
techcrunch.com,0,0,1,4,0,0,0,1,1,1,0,0,1,0,0
distractify.com,0,0,1,10,0,0,0,0,1,1,0,0,1,0,0
kakaku.com,0,0,1,6,0,0,0,0,0,1,0,0,1,0,0
metro.co.uk,0,0,1,4,0,0,0,1,1,1,0,0,1,0,0
kienthuc.net.vn,0,0,1,2,0,0,0,1,1,1,0,0,1,0,0
web.de,0,0,1,5,0,0,0,1,1,1,0,0,1,0,0
thenextweb.com,0,0,1,6,0,0,0,0,0,1,0,0,1,0,0
gov.uk,0,0,1,3,0,0,0,1,1,1,0,0,1,0,0
olx.ua,0,0,1,4,0,0,0,1,1,1,0,0,1,0,0
olx.pl,0,0,1,3,0,0,0,0,1,1,0,0,1,1,0
babal.net,0,0,1,3,0,0,0,0,1,0,0,0,1,0,0
correios.com.br,0,0,1,4,0,0,0,1,1,1,0,0,1,0,0
myspace.com,0,0,1,5,0,0,0,0,1,1,0,0,1,0,0
indianexpress.com,0,0,1,3,0,0,0,0,1,1,0,0,1,0,0
web.de,0,0,1,5,0,0,0,1,1,1,0,0,1,0,0
olx.in,0,0,1,3,0,0,0,0,1,1,0,0,1,1,0
squarespace.com,0,0,1,5,0,0,0,1,1,1,0,0,1,1,0
privatbank.ua,0,0,1,4,0,0,0,1,1,1,0,0,1,0,0
distractify.com,0,0,1,10,0,0,0,0,1,1,0,0,1,0,0
tunein.com,0,0,1,5,0,0,0,0,1,1,0,0,1,1,0
thenextweb.com,0,0,1,6,0,0,0,0,0,1,0,0,1,0,0
torcache.net,0,0,1,2,0,0,0,1,1,0,0,0,1,0,0
distractify.com,0,0,1,10,0,0,0,0,1,1,0,0,1,0,0
extratorrent.cc,0,0,1,3,0,0,0,0,1,1,0,0,1,0,0
xhamster.com,0,0,1,3,0,0,0,0,1,1,0,0,1,0,0
perezhilton.com,0,0,1,1,0,0,0,0,1,1,0,0,1,0,0
comicbook.com,0,0,1,4,0,0,0,1,1,1,0,0,1,0,0
paytm.com,0,0,1,8,0,0,0,0,1,1,0,0,1,0,0
grantland.com,0,0,1,2,0,0,0,1,1,1,0,0,1,0,0
distractify.com,0,0,1,10,0,0,0,0,1,1,0,0,1,0,0
thenextweb.com,0,0,1,6,0,0,0,0,0,1,0,0,1,0,0
icicibank.com,0,0,1,5,0,0,0,0,1,1,0,0,1,0,0
deadspin.com,0,0,1,2,0,0,0,1,0,1,0,0,1,0,0
udn.com,0,0,1,4,0,0,0,0,1,1,0,0,1,0,0
bestblackhatforum.com,0,0,1,1,0,0,0,0,1,1,0,0,1,0,0
quizlet.com,0,0,1,1,0,0,0,0,0,1,0,0,1,0,0
depositphotos.com,0,0,1,2,0,0,0,0,1,1,0,0,1,0,0
pitchfork.com,0,0,1,3,0,0,0,1,1,1,0,0,1,0,0
emgn.com,0,0,1,2,0,0,0,0,0,1,1,1,1,1,0
katproxy.com,0,0,1,1,0,0,0,0,0,0,0,0,1,0,0
elitedaily.com,0,0,1,3,0,0,0,0,1,1,0,0,1,0,0
extratorrent.cc,0,0,1,3,0,0,0,0,1,1,0,0,1,0,0
pornsharing.com,0,0,1,1,0,0,0,0,0,0,0,0,1,0,0
thenextweb.com,0,0,1,7,0,0,0,0,0,1,0,0,1,0,0
distractify.com,0,0,1,10,0,0,0,0,1,1,0,0,1,0,0
atwiki.jp,0,0,1,2,0,0,0,1,1,1,0,0,1,0,0
codecanyon.net,0,0,1,4,0,0,0,1,1,1,0,0,1,1,0
interpark.com,0,0,1,2,0,0,0,1,1,1,0,0,1,0,0
gtbank.com,0,0,1,5,0,0,0,0,1,1,0,0,1,0,0
medium.com,0,1,1,2,0,0,0,0,1,1,0,0,1,0,0
torcache.net,0,0,1,2,0,0,0,1,1,0,0,0,1,0,0
correios.com.br,0,1,1,8,0,0,0,1,1,1,0,0,1,0,0
olx.pl,0,0,1,7,0,0,0,1,1,1,0,0,1,0,0
distractify.com,0,0,1,10,0,0,0,0,1,1,0,0,1,0,0
twitter.com,0,0,1,1,0,0,0,1,1,1,0,0,1,0,0
distractify.com,0,0,1,10,0,0,0,0,1,1,0,0,1,0,0
depositphotos.com,0,0,1,1,0,0,0,0,1,1,0,0,1,0,0
interpark.com,0,0,1,2,0,0,0,1,1,1,0,0,1,0,0
zozo.jp,0,0,1,2,0,0,0,1,1,1,0,0,1,0,0
persianblog.ir,0,0,1,4,0,0,0,1,1,1,1,1,1,1,0
onedio.com,0,0,1,2,0,0,0,0,1,1,0,0,1,0,0
hollywoodlife.com,0,0,1,4,0,0,0,1,1,1,0,0,1,0,0
fortune.com,0,0,1,4,0,0,0,1,1,1,0,0,1,0,0
ringring.vn,0,0,1,1,0,0,0,1,1,0,1,0,1,0,0
nguyentandung.org,0,0,1,1,0,0,0,0,1,0,0,0,1,0,0
buzzfil.net,0,0,1,4,0,0,0,1,1,0,0,0,1,0,0
thenextweb.com,0,0,1,6,0,0,0,0,0,1,0,0,1,0,0
fanpage.gr,0,0,1,2,0,0,0,1,1,1,0,0,1,0,0
extratorrent.cc,0,0,1,3,0,0,0,0,1,1,0,0,1,0,0
mylust.com,0,0,1,3,0,0,0,1,1,1,0,0,1,0,0
nguyentandung.org,0,0,1,1,0,0,0,0,1,0,0,0,1,0,0
babal.net,0,0,1,4,0,0,0,0,1,0,0,0,1,0,0
thechive.com,0,0,1,4,0,0,0,0,1,1,0,0,1,0,0
thenextweb.com,0,0,1,7,0,0,0,0,0,1,0,0,1,0,0
babal.net,0,0,1,4,0,0,0,0,1,0,0,0,1,0,0
pikabu.ru,0,0,1,3,0,0,0,0,1,1,1,1,1,1,0
variety.com,0,0,1,8,0,0,0,0,0,1,0,0,1,0,0
otomoto.pl,0,0,1,3,0,0,0,1,1,1,0,0,1,1,0
elitedaily.com,0,0,1,4,0,0,0,0,1,1,0,0,1,0,0
twitter.com,0,0,1,1,0,0,0,1,1,1,0,0,1,0,0
olx.ro,0,0,1,7,0,0,0,0,0,1,0,0,1,0,0
fazenda.gov.br,0,0,1,3,0,0,0,1,1,1,0,0,1,0,0
bdnews24.com,0,0,1,5,0,0,0,0,1,1,0,0,1,0,0
emgn.com,0,0,1,2,0,0,0,0,0,1,1,1,1,1,0
superuser.com,0,0,1,3,0,0,0,0,1,1,0,0,1,0,0
mic.com,0,0,1,3,0,0,0,0,1,1,0,0,1,0,0
olx.ro,0,0,1,7,0,0,0,0,0,1,0,0,1,0,0
momoshop.com.tw,0,0,1,2,0,0,0,0,1,1,1,1,1,1,0
variety.com,0,0,1,4,0,0,0,0,0,1,0,0,1,0,0
torcache.net,0,0,1,2,0,0,0,1,1,0,0,0,1,0,0
grantland.com,0,0,1,2,0,0,0,1,1,1,0,0,1,0,0
1337x.to,0,0,1,3,0,0,0,1,1,1,0,0,1,0,0
thenextweb.com,0,0,1,6,0,0,0,0,0,1,0,0,1,0,0
kotaku.com,0,0,1,2,0,0,0,1,1,1,0,0,1,0,0
distractify.com,0,0,1,10,0,0,0,0,1,1,0,0,1,0,0
katproxy.com,0,0,1,1,0,0,0,0,0,0,0,0,1,0,0
stackoverflow.com,0,0,1,3,0,0,0,0,1,1,0,0,1,0,0
aljazeera.net,0,0,1,6,0,0,0,1,1,1,0,0,1,0,0
pikabu.ru,0,0,1,3,0,0,0,0,1,1,1,1,1,1,0
extratorrent.cc,0,0,1,3,0,0,0,0,1,1,0,0,1,0,0
qz.com,0,0,1,2,0,0,0,0,1,1,0,0,1,0,0
serverfault.com,0,0,1,3,0,0,0,0,1,1,0,0,1,0,0
distractify.com,0,0,1,10,0,0,0,0,1,1,0,0,1,0,0
twitter.com,0,0,1,1,0,0,0,1,1,1,0,0,1,0,0
depositphotos.com,0,0,1,2,0,0,0,0,1,1,0,0,1,0,0
ecnavi.jp,0,0,1,1,1,0,0,1,1,1,0,0,1,0,0
wpengine.com,0,0,1,4,0,0,0,1,1,1,0,0,1,0,0
prezi.com,0,0,1,4,0,0,0,0,0,1,0,0,1,0,0
mylust.com,0,0,1,3,0,0,0,1,1,1,0,0,1,0,0
aljazeera.net,0,0,1,6,0,0,0,1,1,1,0,0,1,0,0
katproxy.com,0,0,1,3,0,0,0,0,0,0,0,0,1,0,0
indianexpress.com,0,0,1,3,0,0,0,0,1,1,0,0,1,0,0
smallseotools.com,0,0,1,2,0,0,0,0,1,1,0,0,1,0,0
mirtesen.ru,0,0,1,2,0,0,0,0,1,1,0,0,1,0,0
web.de,0,0,1,5,0,0,0,1,1,1,0,0,1,0,0
mashable.com,0,0,1,6,0,0,0,1,1,1,0,0,1,0,0
yourlust.com,0,0,1,2,0,0,0,1,1,1,0,0,1,0,0
serverfault.com,0,0,1,3,0,0,0,0,1,1,0,0,1,0,0
kakaku.com,0,0,1,6,0,0,0,0,0,1,0,0,1,0,0
twitter.com,0,0,1,1,0,0,0,1,1,1,0,0,1,0,0
plarium.com,0,0,1,5,0,0,0,0,1,1,0,0,1,0,0
extratorrent.cc,0,0,1,3,0,0,0,0,1,1,0,0,1,0,0
mirtesen.ru,0,0,1,1,0,0,0,0,1,1,0,0,1,0,0
indianexpress.com,0,0,1,4,0,0,0,0,1,1,0,0,1,0,0
medium.com,0,1,1,2,0,0,0,0,1,1,0,0,1,0,0
patch.com,0,0,1,3,0,0,0,0,1,1,0,0,1,0,0
popupads.ir,0,0,1,1,0,0,0,1,1,0,1,1,1,1,0
grantland.com,0,0,1,2,0,0,0,1,1,1,0,0,1,0,0
twitter.com,0,0,1,1,0,0,0,1,1,1,0,0,1,0,0
haberler.com,0,0,1,2,0,0,0,0,1,1,0,0,1,0,0
techcrunch.com,0,0,1,4,0,0,0,1,1,1,0,0,1,0,0
buzzfil.net,0,0,1,3,0,0,0,1,1,0,0,0,1,0,0
twitter.com,0,0,1,1,0,0,0,1,1,1,0,0,1,0,0
olx.co.id,0,0,1,7,0,0,0,0,0,1,0,0,1,1,0
extratorrent.cc,0,0,1,3,0,0,0,0,1,1,0,0,1,0,0
emgn.com,0,0,1,2,0,0,0,0,0,1,1,1,1,1,0
dantri.com.vn,0,0,1,2,0,0,0,1,1,1,0,0,1,0,0
1337x.to,0,0,1,3,0,0,0,1,1,1,0,0,1,0,0
atwiki.jp,0,0,1,5,0,0,0,1,1,1,0,0,1,0,0
emgn.com,0,0,1,2,0,0,0,0,0,1,1,1,1,1,0
wpengine.com,0,0,1,2,0,0,0,1,1,1,0,0,1,0,0
emgn.com,0,0,1,2,0,0,0,0,0,1,1,1,1,1,0
emgn.com,0,0,1,2,0,0,0,0,0,1,1,1,1,1,0
tinnhanh360.net,0,0,1,1,0,0,0,1,1,1,1,1,1,1,0
askubuntu.com,0,0,1,3,0,0,0,0,1,1,0,0,1,0,0
perezhilton.com,0,0,1,2,0,0,0,0,1,1,0,0,1,0,0
espn.go.com,0,0,1,6,0,0,0,1,1,1,0,0,1,0,0
web.de,0,0,1,6,0,0,0,1,1,1,0,0,1,0,0
sourceforge.net,0,0,1,3,0,0,0,1,1,1,0,0,1,0,0
correios.com.br,0,0,1,3,0,0,0,1,1,1,0,0,1,0,0
searchengineland.com,0,0,1,1,0,0,0,0,0,1,0,0,1,0,0
kotaku.com,0,0,1,2,0,0,0,1,1,1,0,0,1,0,0
mic.com,0,0,1,3,0,0,0,0,1,1,0,0,1,0,0
twitter.com,0,0,1,1,0,0,0,1,1,1,0,0,1,0,0
mic.com,0,0,1,3,0,0,0,0,1,1,0,0,1,0,0
hollywoodlife.com,0,0,1,4,0,0,0,1,1,1,0,0,1,0,0
tinnhanh360.net,0,0,1,1,0,0,0,1,1,1,1,1,1,1,0
babal.net,0,0,1,4,0,0,0,0,1,0,0,0,1,0,0
interpark.com,0,0,1,2,0,0,0,1,1,1,0,0,1,0,0
telegraf.com.ua,0,0,1,3,0,0,0,1,1,1,0,0,1,0,0
censor.net.ua,0,0,1,14,0,0,0,0,1,1,0,0,1,0,0
distractify.com,0,0,1,2,0,0,0,0,1,1,0,0,1,1,0
qz.com,0,0,1,2,0,0,0,0,1,1,0,0,1,0,0
variety.com,0,0,1,8,0,0,0,0,0,1,0,0,1,0,0
nymag.com,0,0,1,10,0,0,0,0,0,1,0,0,1,1,0
putlocker.is,0,0,1,1,0,0,0,1,1,0,0,0,1,0,0
icicibank.com,0,0,1,3,0,0,0,0,1,1,0,0,1,0,0
indianexpress.com,0,0,1,4,0,0,0,0,1,1,0,0,1,0,0
xhamster.com,0,0,1,3,0,0,0,0,1,1,0,0,1,0,0
distractify.com,0,0,1,10,0,0,0,0,1,1,0,0,1,0,0
motthegioi.vn,0,0,1,2,0,0,0,1,1,1,0,0,1,0,0
techcrunch.com,0,0,1,4,0,0,0,1,1,1,0,0,1,0,0
slickdeals.net,0,0,1,2,0,0,0,0,1,1,0,0,1,0,0
otomoto.pl,0,0,1,4,0,0,0,1,1,1,0,0,1,0,0
perezhilton.com,0,0,1,1,0,0,0,0,1,1,0,0,1,1,0
web.de,0,0,1,4,0,0,0,1,1,1,0,0,1,0,0
censor.net.ua,0,0,1,3,0,0,0,1,1,1,0,0,1,0,0
xhamster.com,0,0,1,3,0,0,0,0,1,1,0,0,1,0,0
grantland.com,0,0,1,2,0,0,0,1,1,1,0,0,1,0,0
hdfcbank.com,0,0,1,4,0,0,0,1,1,1,0,0,1,0,0
wikiwiki.jp,0,0,1,1,0,0,0,1,1,1,0,0,1,0,0
web.de,0,0,1,4,0,0,0,1,1,1,0,0,1,0,0
twitter.com,0,0,1,1,0,0,0,1,1,1,0,0,1,0,0
olx.pl,0,0,1,7,0,0,0,1,1,1,0,0,1,0,0
torcache.net,0,0,1,2,0,0,0,1,1,0,0,0,1,0,0
otomoto.pl,0,0,1,7,0,0,0,1,1,1,0,0,1,1,0
bleacherreport.com,0,0,1,2,0,0,0,0,1,1,0,0,1,0,0
interpark.com,0,0,1,2,0,0,0,1,1,1,0,0,1,0,0
torcache.net,0,0,1,2,0,0,0,1,1,0,0,0,1,0,0
thenextweb.com,0,0,1,7,0,0,0,0,0,1,0,0,1,0,0
kickass.to,0,0,1,1,0,0,0,1,1,1,0,0,1,0,0
torcache.net,0,0,1,2,0,0,0,1,1,0,0,0,1,0,0
emgn.com,0,0,1,2,0,0,0,0,0,1,1,1,1,1,0
hdfcbank.com,0,0,1,5,0,0,0,1,1,1,0,0,1,0,0
searchengineland.com,0,0,1,1,0,0,0,0,0,1,0,0,1,0,0
correios.com.br,0,0,1,5,0,0,0,1,1,1,0,0,1,0,0
extratorrent.cc,0,0,1,3,0,0,0,0,1,1,0,0,1,0,0
motthegioi.vn,0,0,1,3,0,0,0,1,1,1,0,0,1,0,0
caixa.gov.br,0,0,1,4,0,0,0,1,1,1,0,0,1,1,0
digg.com,0,0,1,2,0,0,0,0,1,1,0,0,1,0,0
allegro.pl,0,0,1,2,0,0,0,1,1,1,0,0,1,0,0
fazenda.gov.br,0,0,1,3,0,0,0,1,1,1,0,0,1,0,0
bdnews24.com,0,0,1,5,0,0,0,0,1,1,0,0,1,0,0
nesn.com,0,0,1,3,0,0,0,0,1,1,0,0,1,0,0
tobogo.net,0,0,1,2,0,0,0,0,0,1,0,0,1,0,0
slashdot.org,0,0,1,3,0,0,0,1,1,1,0,0,1,0,0
bigcinema.tv,0,0,1,2,0,0,0,0,1,1,1,1,1,1,0
web.de,0,0,1,3,0,0,0,1,1,1,0,0,1,0,0
indianexpress.com,0,0,1,3,0,0,0,0,1,1,0,0,1,0,0
nymag.com,0,0,1,9,0,0,0,0,0,1,0,0,1,1,0
distractify.com,0,0,1,10,0,0,0,0,1,1,0,0,1,0,0
otomoto.pl,0,0,1,2,0,0,0,1,1,1,0,0,1,0,0
torrentdn.com,0,0,1,2,0,0,0,0,1,1,0,0,1,0,0
mic.com,0,0,1,3,0,0,0,0,1,1,0,0,1,0,0
momoshop.com.tw,0,0,1,2,0,0,0,0,1,1,1,1,1,1,0
olx.co.id,0,0,1,7,0,0,0,0,0,1,0,0,1,1,0
buzzfil.net,0,0,1,4,0,0,0,1,1,0,0,0,1,0,0
sourceforge.net,0,0,1,3,0,0,0,1,1,1,0,0,1,0,0
otomoto.pl,0,0,1,4,0,0,0,1,1,1,0,0,1,1,0
babal.net,0,0,1,4,0,0,0,0,1,0,0,0,1,0,0
doodle.com,0,0,1,2,0,0,0,0,1,1,0,0,1,0,0
babal.net,0,0,1,3,0,0,0,0,1,0,0,0,1,0,0
jalopnik.com,0,0,1,2,0,0,0,1,0,1,0,0,1,0,0
correios.com.br,0,0,1,5,0,0,0,1,1,1,0,0,1,0,0
codecanyon.net,0,0,1,4,0,0,0,1,1,1,0,0,1,0,0
olx.co.id,0,0,1,2,0,0,0,0,0,1,0,0,1,1,0
ecnavi.jp,0,0,1,1,1,0,0,1,1,1,0,0,1,0,0
torcache.net,0,0,1,2,0,0,0,1,1,0,0,0,1,0,0
udn.com,0,0,1,4,0,0,0,0,1,1,0,0,1,0,0
mylust.com,0,0,1,3,0,0,0,1,1,1,0,0,1,0,0
olx.ro,0,0,1,7,0,0,0,0,0,1,0,0,1,0,0
censor.net.ua,0,0,1,3,0,0,0,0,1,1,0,0,1,0,0
indianexpress.com,0,0,1,4,0,0,0,0,1,1,0,0,1,0,0
techcrunch.com,0,0,1,4,0,0,0,1,1,1,0,0,1,0,0
wikimapia.org,0,0,1,3,0,0,0,0,1,1,0,0,1,0,0
tobogo.net,0,0,1,2,0,0,0,0,0,1,0,0,1,0,0
perezhilton.com,0,0,1,1,0,0,0,0,1,1,0,0,1,1,0
aljazeera.net,0,0,1,4,0,0,0,1,1,1,0,0,1,1,0
tobogo.net,0,0,1,2,0,0,0,0,0,1,0,0,1,0,0
themeforest.net,0,0,1,3,0,0,0,1,1,1,0,0,1,0,0
themeforest.net,0,0,1,4,0,0,0,1,1,1,0,0,1,1,0
nesn.com,0,0,1,3,0,0,0,0,1,1,0,0,1,0,0
pikabu.ru,0,0,1,2,0,0,0,0,1,1,1,1,1,1,0
searchengineland.com,0,0,1,1,0,0,0,0,0,1,0,0,1,0,0
interpark.com,0,0,1,2,0,0,0,1,1,1,0,0,1,0,0
depositphotos.com,0,0,1,1,0,0,0,0,1,1,0,0,1,0,0
espn.go.com,0,0,1,8,0,0,0,1,1,1,0,0,1,0,0
nesn.com,0,0,1,3,0,0,0,0,1,1,0,0,1,0,0
deadspin.com,0,0,1,2,0,0,0,1,0,1,0,0,1,0,0
extratorrent.cc,0,0,1,3,0,0,0,0,1,1,0,0,1,0,0
kienthuc.net.vn,0,0,1,2,0,0,0,1,1,1,0,0,1,0,0
tune.pk,0,0,1,3,0,0,0,1,1,1,0,0,1,0,0
couchtuner.eu.com,0,0,1,3,0,0,0,1,1,1,0,0,1,0,0
atwiki.jp,0,0,1,2,0,0,0,1,1,1,0,0,1,0,0
genius.com,0,0,1,3,0,0,0,0,1,1,0,0,1,0,0
nguyentandung.org,0,0,1,1,0,0,0,0,1,0,0,0,1,0,0
ecnavi.jp,0,0,1,1,1,0,0,1,1,1,0,0,1,0,0
tune.pk,0,0,1,3,0,0,0,1,1,1,0,0,1,0,0
thenextweb.com,0,0,1,5,0,0,0,0,0,1,0,0,1,0,0
extratorrent.cc,0,0,1,3,0,0,0,0,1,1,0,0,1,0,0
jezebel.com,0,0,1,1,0,0,0,1,0,1,0,0,1,0,0
ap.org,0,0,1,4,0,0,0,0,1,1,0,0,1,1,0
cheezburger.com,0,0,1,2,0,0,0,0,1,1,0,0,1,0,0
qz.com,0,0,1,2,0,0,0,0,1,1,0,0,1,0,0
genius.com,0,0,1,3,0,0,0,0,1,1,0,0,1,0,0
tinnhanh360.net,0,0,1,1,0,0,0,1,1,1,1,1,1,1,0
interpark.com,0,0,1,2,0,0,0,1,1,1,0,0,1,0,0
io9.com,0,0,1,2,0,0,0,1,1,0,0,0,1,0,0
gtbank.com,0,0,1,5,0,0,0,0,1,1,0,0,1,0,0
olx.co.id,0,0,1,2,0,0,0,0,0,1,0,0,1,1,0
sourceforge.net,0,0,1,3,0,0,0,1,1,1,0,0,1,0,0
allrecipes.com,0,0,1,4,0,0,0,1,1,1,0,1,1,0,0
rt.com,0,0,1,3,0,0,0,1,1,1,0,0,1,0,0
icicibank.com,0,0,1,3,0,0,0,0,1,1,0,0,1,0,0
extratorrent.cc,0,0,1,3,0,0,0,0,1,1,0,0,1,0,0
tunein.com,0,0,1,5,0,0,0,0,1,1,0,0,1,0,0
atwiki.jp,0,0,1,2,0,0,0,1,1,1,0,0,1,0,0
wikiwiki.jp,0,0,1,1,0,0,0,1,1,1,0,0,1,0,0
maybank2u.com.my,0,0,1,4,0,0,0,1,1,1,0,0,1,0,0
techcrunch.com,0,0,1,3,0,0,0,1,1,1,0,0,1,0,0
mic.com,0,0,1,3,0,0,0,0,1,1,0,0,1,0,0
getpocket.com,0,0,1,1,1,0,0,0,1,1,0,0,1,0,0
extratorrent.cc,0,0,1,3,0,0,0,0,1,1,0,0,1,0,0
iconosquare.com,0,0,1,3,0,0,0,0,1,1,0,0,1,0,0
twitter.com,0,0,1,1,0,0,0,1,1,1,0,0,1,0,0
censor.net.ua,0,0,1,3,0,0,0,0,1,1,0,0,1,0,0
tinnhanh360.net,0,0,1,1,0,0,0,1,1,1,1,1,1,1,0
kenh14.vn,0,0,1,2,0,0,0,1,1,1,0,0,1,0,0
indianexpress.com,0,0,1,3,0,0,0,0,1,1,0,0,1,0,0
motthegioi.vn,0,0,1,3,0,0,0,1,1,1,0,0,1,0,0
dantri.com.vn,0,0,1,2,0,0,0,1,1,1,0,0,1,0,0
udn.com,0,0,1,4,0,0,0,0,1,1,0,0,1,0,0
thenextweb.com,0,0,1,6,0,0,0,0,0,1,0,0,1,0,0
twitter.com,0,0,1,1,0,0,0,1,1,1,0,0,1,0,0
thenextweb.com,0,0,1,6,0,0,0,0,0,1,0,0,1,0,0
torcache.net,0,0,1,2,0,0,0,1,1,0,0,0,1,0,0
uproxx.com,0,0,1,4,0,0,0,0,1,1,0,0,1,0,0
elcomercio.pe,0,0,1,3,0,0,0,1,1,1,0,0,1,0,0
elitedaily.com,0,0,1,5,0,0,0,0,1,1,1,0,1,0,0
500px.com,0,0,1,3,0,0,0,0,0,1,0,0,1,0,0
momoshop.com.tw,0,0,1,2,0,0,0,0,1,1,1,1,1,1,0
allegro.pl,0,0,1,1,0,0,0,1,1,1,0,0,1,0,0
nguyentandung.org,0,0,1,1,0,0,0,0,1,0,0,0,1,0,0
udn.com,0,0,1,4,0,0,0,0,1,1,0,0,1,0,0
ap.org,0,0,1,4,0,0,0,0,1,1,0,0,1,0,0
ringring.vn,0,0,1,1,0,0,0,1,1,0,1,0,1,0,0
twitter.com,0,0,1,1,0,0,0,1,1,1,0,0,1,0,0
thenextweb.com,0,0,1,7,0,0,0,0,0,1,0,0,1,0,0
mic.com,0,0,1,3,0,0,0,0,1,1,0,0,1,0,0
mentalfloss.com,0,0,1,3,0,0,0,0,1,1,0,0,1,0,0
mic.com,0,0,1,3,0,0,0,0,1,1,0,0,1,0,0
gov.uk,0,0,1,3,0,0,0,1,1,1,0,0,1,0,0
medium.com,0,0,1,2,0,0,0,0,1,1,0,0,1,0,0
seesaawiki.jp,0,0,1,3,0,0,0,1,1,1,0,0,1,0,0
ecnavi.jp,0,0,1,1,1,0,0,1,1,1,0,0,1,0,0
interpark.com,0,0,1,2,0,0,0,1,1,1,0,0,1,0,0
sourceforge.net,0,0,1,3,0,0,0,1,1,1,0,0,1,0,0
stackoverflow.com,0,0,1,3,0,0,0,0,1,1,0,0,1,0,0
mylust.com,0,0,1,3,0,0,0,1,1,1,0,0,1,0,0
depositphotos.com,0,0,1,1,0,0,0,0,1,1,0,0,1,0,0
torcache.net,0,0,1,2,0,0,0,1,1,0,0,0,1,0,0
diply.com,0,0,1,3,0,0,0,0,0,1,0,0,1,0,0
fazenda.gov.br,0,0,1,4,0,0,0,1,1,1,0,0,1,0,0
elcomercio.pe,0,0,1,3,0,0,0,1,1,1,0,0,1,0,0
correios.com.br,0,0,1,4,0,0,0,1,1,1,0,0,1,0,0
telegraf.com.ua,0,0,1,2,0,0,0,1,1,1,0,0,1,0,0
digg.com,0,0,1,2,0,0,0,0,1,1,0,0,1,0,0
torcache.net,0,0,1,2,0,0,0,1,1,0,0,0,1,0,0
mylust.com,0,0,1,3,0,0,0,1,1,1,0,0,1,0,0
thenextweb.com,0,0,1,6,0,0,0,0,0,1,0,0,1,0,0
udn.com,0,0,1,4,0,0,0,0,1,1,0,0,1,0,0
nesn.com,0,0,1,3,0,0,0,0,1,1,0,0,1,0,0
mylust.com,0,0,1,3,0,0,0,1,1,1,0,0,1,0,0
extratorrent.cc,0,0,1,3,0,0,0,0,1,1,0,0,1,0,0
zozo.jp,0,0,1,2,0,0,0,1,1,1,0,0,1,0,0
olx.ua,0,0,1,4,0,0,0,1,1,1,0,0,1,0,0
cheezburger.com,0,0,1,2,0,0,0,0,1,1,0,0,1,0,0
nhs.uk,0,0,1,5,0,0,0,1,1,1,0,0,1,0,0
jalopnik.com,0,0,1,2,0,0,0,1,0,1,0,0,1,0,0
kakaku.com,0,0,1,6,0,0,0,0,0,1,0,0,1,0,0
tunein.com,0,0,1,5,0,0,0,0,1,1,0,0,1,1,0
allegro.pl,0,0,1,2,0,0,0,1,1,1,0,0,1,0,0
sourceforge.net,0,0,1,3,0,0,0,1,1,1,0,0,1,0,0
aljazeera.net,0,0,1,6,0,0,0,1,1,1,0,0,1,0,0
nguyentandung.org,0,0,1,1,0,0,0,0,1,0,0,0,1,0,0
superuser.com,0,0,1,3,0,0,0,0,1,1,0,0,1,0,0
nypost.com,0,0,1,4,0,0,0,1,1,1,0,0,1,0,0
hubpages.com,0,0,1,5,0,0,0,0,1,1,0,0,1,0,0
correios.com.br,0,0,1,5,0,0,0,1,1,1,0,0,1,0,0
persianblog.ir,0,0,1,3,0,0,0,1,1,1,1,1,1,1,0
venturebeat.com,0,0,1,4,0,0,0,0,1,1,0,0,1,0,0
